<?xml version="1.0"?>
<CUSTOM_OBJECT>
  <NAME>Update Daily Rates from ECB - Solution by knak.it</NAME>
  <TYPE>CUSTOM_MENU</TYPE>
  <DESCRIPTION>knak.it Update Currency Rates from ECB</DESCRIPTION>
  <CUSTOM_MENU EXPORT_DEF_VERSION="1">
    <MENU_ID>962878</MENU_ID>
    <DESCRIPTION>knak.it Update Currency Rates from ECB</DESCRIPTION>
    <WINDOW>frmCurrencyRate</WINDOW>
    <PROCESS>NONE</PROCESS>
    <ORDERING>1</ORDERING>
    <PARAMETER>declare  
  xmlClob_ CLOB;
  id_ NUMBER := 0;
  CustomerId VARCHAR2(2000) := &apos;EVRY&apos;;
  InstanceID VARCHAR2(2000) := &apos;DEMO10&apos;;
  apikey VARCHAR2(2000) := &apos;k73003af-n145-aed6-kae0-ic8901-t41252&apos;;
  IfsConnURL VARCHAR2(2000) := &apos;https://evrydemo10a.atifs.com:48080&apos;;
  IfsVersion VARCHAR2(2000) := &apos;APPS10&apos;;
  IfsCompanyId VARCHAR2(2000) := &amp;COMPANY ;
  IfsCurrencyRateType VARCHAR2(2000) := &amp;CURRENCY_TYPE;
  IfsRefCurrencyCode VARCHAR2(2000) := &amp;REF_CURRENCY_CODE;
  
begin
   DBMS_LOB.CREATETEMPORARY(xmlClob_ , TRUE);
   xmlClob_ := &apos;&lt;SetIfsCurrencyRatesRequest&gt;
    &lt;ifs:request xmlns:ifs=&quot;http://wso2.org/knak/ifs/connector&quot;&gt;
            &lt;ifs:CustomerId&gt;&apos; || CustomerId || &apos;&lt;/ifs:CustomerId&gt;
            &lt;ifs:InstanceID&gt;&apos; || InstanceID || &apos;&lt;/ifs:InstanceID&gt;
            &lt;ifs:apikey&gt;&apos; || apikey || &apos;&lt;/ifs:apikey&gt;
            &lt;ifs:bindVariables&gt;
                &lt;ifs:IfsConnURL&gt;&apos; || IfsConnURL || &apos;&lt;/ifs:IfsConnURL&gt;
                &lt;ifs:IfsVersion&gt;&apos; || IfsVersion || &apos;&lt;/ifs:IfsVersion&gt;
                &lt;ifs:IfsCompanyId&gt;&apos; || IfsCompanyId || &apos;&lt;/ifs:IfsCompanyId&gt;
                &lt;ifs:IfsCurrencyRateType&gt;&apos; || IfsCurrencyRateType || &apos;&lt;/ifs:IfsCurrencyRateType&gt;
                &lt;ifs:IfsRefCurrencyCode&gt;&apos; || IfsRefCurrencyCode || &apos;&lt;/ifs:IfsRefCurrencyCode&gt;
        &lt;/ifs:bindVariables&gt;
    &lt;/ifs:request&gt;
&lt;/SetIfsCurrencyRatesRequest&gt;&apos;;
   PLSQLAP_Server_API.Post_Outbound_Bizapi(
          bizapi_name_      =&gt; &apos;KNAKIT-UPDATE-CURRENCY-RATES&apos;,
          xml_              =&gt; xmlClob_,
          receiver_         =&gt; &apos;KNAKIT&apos;,
          message_type_     =&gt; &apos;EVENT_BIZAPI&apos;,
          message_id_       =&gt;  id_,
          external_message_id_ =&gt; 0,
          subject_          =&gt; &apos;knak.it Update Currency Rates from ECB&apos;);

end;</PARAMETER>
    <CUSTOM_MENU_TYPE_DB>12</CUSTOM_MENU_TYPE_DB>
    <BUNDLE_EXECUTION_DB>FALSE</BUNDLE_EXECUTION_DB>
    <PO_ID>frmCurrencyRate</PO_ID>
    <ENABLED_WHEN/>
    <REFRESH_UI>TRUE</REFRESH_UI>
    <EXPORT_DATE>2021-08-10-07.49.57</EXPORT_DATE>
    <DEFINITION_MODIFIED_DATE>2021-08-10-07.21.47</DEFINITION_MODIFIED_DATE>
    <OBJVERSION>20210810072059</OBJVERSION>
    <OBJKEY>C2CF93215EE34C1AA04CD5E10DE5C78C</OBJKEY>
    <TEXTS>
      <TEXTS_ROW>
        <LANGUAGE_CODE>en</LANGUAGE_CODE>
        <TITLE>Update Daily Rates from ECB - Solution by knak.it</TITLE>
        <OBJKEY>E17DA331022742B6A2ED937574B84D0A</OBJKEY>
      </TEXTS_ROW>
      <TEXTS_ROW>
        <LANGUAGE_CODE>sv</LANGUAGE_CODE>
        <TITLE>Update Daily Rates from ECB - Solution by knak.it</TITLE>
        <OBJKEY>044D9BD081404DC181163B4732F45EB1</OBJKEY>
      </TEXTS_ROW>
    </TEXTS>
    <KEY_TRANSLATIONS>
  </KEY_TRANSLATIONS>
    <EXPANDABLE_PARAMETERS>
  </EXPANDABLE_PARAMETERS>
  </CUSTOM_MENU>
</CUSTOM_OBJECT>
