<?xml version="1.0"?>
<APPLICATION_CONFIGURATION>
  <EXPORT_DEF_VERSION>1</EXPORT_DEF_VERSION>
  <PACKAGE_ID>A12123ADD5004FB7A498C235137B1495</PACKAGE_ID>
  <NAME>knakit-set-ifs-currency-rates-api</NAME>
  <DESCRIPTION>Automatically update Currency Rates from European Central Bank</DESCRIPTION>
  <AUTHOR>RnD Race Environments</AUTHOR>
  <VERSION>1.0</VERSION>
  <VERSION_TIME_STAMP>2021-08-10-07.49.57</VERSION_TIME_STAMP>
  <ORIGIN>APPS10-304846-APPS10DemoPack</ORIGIN>
  <LAST_MODIFIED_DATE>2021-08-10-07.49.25</LAST_MODIFIED_DATE>
  <ITEMS>
    <ITEMS_ROW>
      <NAME>Update Daily Rates from ECB - Solution by knak.it</NAME>
      <TYPE>CUSTOM_MENU</TYPE>
      <DESCRIPTION>knak.it Update Currency Rates from ECB</DESCRIPTION>
      <FILENAME>CustomMenu-frmCurrencyRate-962878.xml</FILENAME>
    </ITEMS_ROW>
  </ITEMS>
  <ADDITIONAL_ITEMS/>
</APPLICATION_CONFIGURATION>
